,mpnn_origin,seed,description,sequence,T,id,seq_rec,overall_confidence,ligand_confidence,location
0,structure2,60205.0,structure2_0001,AAKAAAAAAAALAADAAAAAAAAAAAAAAAAAAVRAAPAAAAAAAAFAAWLAADPAAAAAFAAWVAAFGAAPAAAAAAAAAAAAAAAAAAAAAAAAAAAAAAAAAAAGAPAAAAAAAAAAAAAAAAAAGAAAAAAAAAAAAAAAGAAAAGAAALAAAAAASAAAAAAALAAARAAFAAVAAAAAALFAALGCPFAAAAFA,0.1,1.0,0.2613,0.3102,0.3102,/home/tripp/ProtFlow/examples/ligandmpnn_options/options_local/seqs/structure2_0001.fa
1,structure2,60205.0,structure2_0002,AAKAFAAAAAALAAAIAANAAAAAAAIAPAAAAVAAAPAALATFKAFLAWLAADPAKAARFALFVAAAGAAAAAAAAAAGAAAAAAAAAAAAAAAAAAAAAAAAAAAGAAAAAAAAAAAAAAAAAAAAGAAAAAATLAAAAAAAGAAAAGALILAHLAALSEAELIAHVAAFRAAFAAVAAAFAALAAALALPWAAAAFA,0.1,2.0,0.3317,0.3222,0.3222,/home/tripp/ProtFlow/examples/ligandmpnn_options/options_local/seqs/structure2_0002.fa
2,structure2,60205.0,structure2_0003,AAKAFAAALAAAAAAAAAAAAAAAAALAPHAAAVAAAPAAAAAAAAFAAALAAAPAAAAAFAAFVAAGGAAPAAAAAAAAAAAAAAAAAAAAAAAAAAAAAAAAAAAGAPAAAVAAAAAAAAAAAAAAGAAALAAALAAAAAAAGAAAAGALAAAAAAALSAAEAAAHLAAFRAAFAAAAAAWPALAAALGSPFAAAAFA,0.1,3.0,0.2864,0.3168,0.3168,/home/tripp/ProtFlow/examples/ligandmpnn_options/options_local/seqs/structure2_0003.fa
3,structure2,60205.0,structure2_0004,AAKAFAAALAAAAADAAAAAAAVAAALAPAAAAVAAAPAAAATAAAFAAALAAAPAKAAAFAAFVAAAGAAAAAAAAAAAAAAAAAAAAAAAAAAAAAAAAAAAAAAGAAAAAAAAAAAAAAAAAAAAGAAALAAAAAAAAAAAGAAAAGALILAAIAALSAAAAIAHAAAARAAFAAVAADWAALAAALGLPFAAADFA,0.1,4.0,0.3015,0.3204,0.3204,/home/tripp/ProtFlow/examples/ligandmpnn_options/options_local/seqs/structure2_0004.fa
4,structure2,60205.0,structure2_0005,AAKAFAAAAAAAAADAAANAAAAAAALAPAAAAVAAAPAALATFAAFLAWLAADPAAAAAFAAAVAALGAAAAAAAAAGAAAAAAAAAAAAAAAAAAAAAAAALAAAGAPAAAAAAAAAAAAAAAAAAGAAALAAALAAAAAAAGAAAAGALLLAAAAALSAAELVAAIAAARAAFAAVAAAFPALAAALGLPFAAADFA,0.1,5.0,0.3317,0.3294,0.3294,/home/tripp/ProtFlow/examples/ligandmpnn_options/options_local/seqs/structure2_0005.fa
5,structure2,60205.0,structure2_0006,AAKAAAAAAAAAAAALAAAAAAVAAALAPHIAAVRANPAALATAKAAAAWLAADPAKAAAAAAWVAAAGAAAAAAAAAAAAAAAAAAAAAAAAAAAAAAAAAAAAAAGAAAAAAAAAAAAAAAAAAAAGAAAAAAAAAAAAAAAGAAAAGALILAAAAALSAAAAIAHIAAARAAFAAVAAAAPALFAALGAPFAAAAFA,0.1,6.0,0.2814,0.3038,0.3038,/home/tripp/ProtFlow/examples/ligandmpnn_options/options_local/seqs/structure2_0006.fa
6,structure2,60205.0,structure2_0007,AAKAFAAAAAALAAAAAAAAAAAAAALAPAAAAVAADAAAAAAAAAALAWLAADPAAAARFAAFVAAAGADPAAAAAAAAAAAAAAAAAAAAAAAAAAAAAAAAAAAGAAAAAAAAAAAAAAAAAAAAGAAAAAATLAAAAAAAGAAAAGALLLAAAAAAAAAAAAAHIAALRALFAAAAAAAPALAAALASPFAAAAWA,0.1,7.0,0.2714,0.3105,0.3105,/home/tripp/ProtFlow/examples/ligandmpnn_options/options_local/seqs/structure2_0007.fa
7,structure2,60205.0,structure2_0008,AAKAFAAALAAAAAAAAAAAAAAAAAAAPYAAAVRAAPAAAATAAAFAAWLAADPARAAAFAAWVAAAGAAAAAAAAAGAAAAAAAAAAAAAAAAAAAAAAAAAAAAGAPAAAIAAAAAAAAAAAAAAGAAALAATLAAAAAAAGAAAAGALVLAAAAALSAAEAIAAIAAFRALFAAVAAAAAALFAALGSPFAAADFA,0.1,8.0,0.3166,0.3157,0.3157,/home/tripp/ProtFlow/examples/ligandmpnn_options/options_local/seqs/structure2_0008.fa
8,structure2,60205.0,structure2_0009,AAKAFAAALAAHAADAAAAAAAAAAALAPAIAAVRANPAAAATFAAFLAALAADPAKAAAFAAFVAAAGAAAAAAAAAGAAAAAAAAAAAAAAAAAAAAAAAAAAAAGAAAAAAAAAAAAAAAAAAAAGAAALAATAAAAAAAAGAAAAGALILAALAALSAAELAAHIAALRAAFAAAAAAWAALAAALGSPWAAADFA,0.1,9.0,0.3116,0.3294,0.3294,/home/tripp/ProtFlow/examples/ligandmpnn_options/options_local/seqs/structure2_0009.fa
9,structure2,60205.0,structure2_0010,AAKAFAAAAAALAAAAAAAAAAAAAALAPYAAAVRANPALAAAAAAFLAALAADPAAAAAFAAFVAAGGAAAAAAAAAAAAAAAAAAAAAAAAAAAAAAAAAAAAAAGAPAAAIAAAAAAAAAAAAAAGAAAAAAAAAAAAAAAGAAAAGALLLAALAAASAAALAAALAALRAAFAAAAAAFPALAAALGLPFAAADFA,0.1,10.0,0.3216,0.3357,0.3357,/home/tripp/ProtFlow/examples/ligandmpnn_options/options_local/seqs/structure2_0010.fa
10,structure1,55092.0,structure1_0001,MAAAFAAALAAAAAAAAAAAAAAAAAAAPAAAAVAAAPAAAAAAAAAAAWLAKDPAAAAAFAAWVAAAGAAAAAAAAAGAAAAAAAAAAAAAAAAAAAAAAAAAAAAGAAAAAAAAAAAAAAAAAAAAGAAALAAALAAAAAAAGAAAAGALVLAAAAALSAAAAAAAAAAARAAFAAVAADFAALAAALASPWAAAAFA,0.1,1.0,0.2864,0.3198,0.3198,/home/tripp/ProtFlow/examples/ligandmpnn_options/options_local/seqs/structure1_0001.fa
11,structure1,55092.0,structure1_0002,MAAAFAAAAAAAAADLAAAAAAAAAALAPAAAAVAANPAAAAAAAAFAAWLAAAPAAAAAFAAFVAAAGAAAAAAAAAAAAAAAAAAAAAAAAAAAAAAAAAAAAALGAAAAAAAAAAAAAAAAAAAAGAAAAAAAAAAAAAAAGAAAAGALLLAAAAAAAAAAAAAAIAAARALAAAAAAAFAALAAALGLPWAAADFA,0.1,2.0,0.2814,0.309,0.309,/home/tripp/ProtFlow/examples/ligandmpnn_options/options_local/seqs/structure1_0002.fa
12,structure1,55092.0,structure1_0003,MAAAFAAAAAAAAAAVAAAAAAVAAALAAHAAAVAANPAAAATAAAFLAWLAADPAAAAAFAAFVAALGAAPAAAAAAGAAAAAAAAAAAAAAAAAAAAAAAAAAAAGAAAAAVAAAAAAAAAAAAAAGAAAAAATLAAAAAAAGAAAAGALLLAAAAALSAAAAAAAIAALRAAFAAVAAAWPALAAALALPWAAAAFA,0.1,3.0,0.3015,0.3421,0.3421,/home/tripp/ProtFlow/examples/ligandmpnn_options/options_local/seqs/structure1_0003.fa
13,structure1,55092.0,structure1_0004,MAAAAAAAAAAAAAAAAANAAAAAAAAAPYAAAVAAAPAAAATAAAAVAALAADPAKAAAFFAFVAAAGAAAAAAAAAAAAAAAAAAAAAAAAAAAAAAAAAAAAAAGAPAAAAAAAAAAAAAAAAAAGAAALAAALAAAAAAAGAAAAGAAVLAAIAALSAAAAAAALAAFRAAFAAAAAAWPALAAALGSPFAAAAAA,0.1,4.0,0.2915,0.3016,0.3016,/home/tripp/ProtFlow/examples/ligandmpnn_options/options_local/seqs/structure1_0004.fa
14,structure1,55092.0,structure1_0005,MAAAAAAALAAAAAAAAAAAAAAAAAAAPYAAAVAANPAAAAAAAAFAAWLAAAPAAAAAFAAWVAAGGAAAAAAAAAAAAAAAAAAAAAAAAAAAAAAAAAAAAAAGAAAAAAAAAAAAAAAAAAAAGAAALAAAAAAAAAAAGAAAAGALALAAAAALSAAAAAAALAAFRAAFAAVAAAAPALFAALGSPFAAADFA,0.1,5.0,0.2965,0.3232,0.3232,/home/tripp/ProtFlow/examples/ligandmpnn_options/options_local/seqs/structure1_0005.fa
15,structure1,55092.0,structure1_0006,MAAAFAAALAAAAADAAAAAAAAAAALAAAAAAVAADAAAAAAAAAFAAWLAADPAAAAAFAAAVAAFGAAPAAAAAAAAAAAAAAAAAAAAAAAAAAAAAAAAAAAGAAAAAAAAAAAAAAAAAAAAGAAALAAAAAAAAAAAGAAAAGALLLAAIAALSAAAAAAAIAAARALFAAVAAAFPALAAALGLPFAAAAFA,0.1,6.0,0.3065,0.3211,0.3211,/home/tripp/ProtFlow/examples/ligandmpnn_options/options_local/seqs/structure1_0006.fa
16,structure1,55092.0,structure1_0007,MAAAAAAAAAAAAADLAAAAAAAAAALAAHIAAVRAAPAAAATAAAFVAWLAADPAAAAAFAAFVAAAGAAAAAAAAAGAAAAAAAAAAAAAAAAAAAAAAAAAAAAGAAAAAVAAAAAAAAAAAAAAGAAAAAATLAAAAAAAGAAAAGALILAAIAALSAAAREAHIAALRALFAAAAAAFPALAAALGLPFAAADFA,0.1,7.0,0.3166,0.3335,0.3335,/home/tripp/ProtFlow/examples/ligandmpnn_options/options_local/seqs/structure1_0007.fa
17,structure1,55092.0,structure1_0008,MAAAAAAAAAALAAAIAAAAAAAAAAIAPYAAAVRANPAAAATAAAAAAALAAAPAAAAAFAAFVAAGGAAPAAAAAAAAAAAAAAAAAAAAAAAAAAAAAAAAAAAGAPAAAAAAAAAAAAAAAAAAGAAALAAAAAAAAAAAGAAAAGALILAAAAALAAAAAAAHIAAFAAAFAAVAAAAAALAAALGAPFAAADFA,0.1,8.0,0.3015,0.3118,0.3118,/home/tripp/ProtFlow/examples/ligandmpnn_options/options_local/seqs/structure1_0008.fa
18,structure1,55092.0,structure1_0009,MAAAFAAALAAAAADAAAAAAAVAAALAPYAAAVAAAPAALATFRAFLAALAADPAKAAAFAAFVAAAGAAAAAAAAAAAAAAAAAAAAAAAAAAAAAAAAAAAAAAGAAAAAAAAAAAAAAAAAAAAGAAALAATAAAAAAAAGAAAAGALILAAIAALSDAALIAHIAALRAAFAAVAAAFAALAAALGLPWAAAAFA,0.1,9.0,0.3467,0.3332,0.3332,/home/tripp/ProtFlow/examples/ligandmpnn_options/options_local/seqs/structure1_0009.fa
19,structure1,55092.0,structure1_0010,MAAAAAAALAALAAAAAAAAAAAAAALAPAAAAVAANPAAAAAAAAAAAWLAAAPAAAAAFAAFVAAFGAAPAAAAAAAAAAAAAAAAAAAAAAAAAAAAAARAAAAGAPAAAAAAAAAAAAAAAAAAGAAAAAATLAAAAAAAGAAAAGALLLAAAAALAAAAAAAAAAAFRAAFAAVAAAWPALAAALGAPFAAADFA,0.1,10.0,0.3065,0.3208,0.3208,/home/tripp/ProtFlow/examples/ligandmpnn_options/options_local/seqs/structure1_0010.fa
20,structure3,70350.0,structure3_0001,AEAAFAAALAAAAADLAAAAAAAAAALAPAAAAVAANPAAAATAAAFAAWLAADPAAAALFAAFVAAGGAAAAAAAAAAAAAAAAAAAAAAAAAAAAAAAAARAAAAGAPAAAAAAAAAAAAAAAAAAGAAALAATLAAAAAAAGAAAAGALVLAAIAALSAAALAAAAAAAAAAFAAAAAAFAALAAALGLPFAAADFA,0.1,1.0,0.3065,0.3298,0.3298,/home/tripp/ProtFlow/examples/ligandmpnn_options/options_local/seqs/structure3_0001.fa
21,structure3,70350.0,structure3_0002,AEAAAAAAAAAAAAALAAAAAAAAAALAPAAAAAAANPAAAAAAAAFAAWLAADPAAAAAFAAFAAAAGAAAAAAAAAAGAAAAAAAAAAAAAAAAAAAAAAAAAAAGAAAAAAAAAAAAAAAAAAAAGAAALAAAAAAAAAAAGAAAAGALLAAALAALSAAAAIAAAAAARAAAAAAAAAWPALAAALGSPFAAAAFA,0.1,2.0,0.2563,0.3157,0.3157,/home/tripp/ProtFlow/examples/ligandmpnn_options/options_local/seqs/structure3_0002.fa
22,structure3,70350.0,structure3_0003,AEAAFAAAAAALAAALAAAAAAAAAAAAPAAAAAAANPAAAATAAAALAALAADPAAAAAAAAAAAALGAAAAAAAAAGAAAAAAAAAAAAAAAAAAAAAAAAAAAAGAAAAAAAAAAAAAAAAAAAAGAAAFAAAAAAAAAAAGAAAAGALLLAAAAALSAAAAAAALAAAAAAFAAAAAAWPALAAALASPFAAAAFA,0.1,3.0,0.2563,0.3353,0.3353,/home/tripp/ProtFlow/examples/ligandmpnn_options/options_local/seqs/structure3_0003.fa
23,structure3,70350.0,structure3_0004,AEAAFAAAAAALAAAAAAAAAAVAAAAAPYAAAARAAPAAAATAAAFLAALAADPAKAAAFALFVAAAGAAAAAAAAAGAAAAAAAAAAAAAAAAAAAAAAAAAAAAGAAAAAAAAAAAAAAAAAAAAGAAALLAAAAAAAAAAGAAAAGALLLAAAAALSAAAAAAAAAAFAAAFAAVAAAFAALAAALGLPFAAADFA,0.1,4.0,0.2965,0.3198,0.3198,/home/tripp/ProtFlow/examples/ligandmpnn_options/options_local/seqs/structure3_0004.fa
24,structure3,70350.0,structure3_0005,AEAAAAAALAAAAADLAANAAAAAAAAAPYAAKVKADPAIAAAAAAHFAALAADAAALAAFAAAVAAAGAAPAAAAAAAAAAAAAAAAAAAAAAAAAAAAAAAAAAAGAAAAAAAAAAAAAAAAAAAAGAAALAAAAAAAAAAAGAAAAGALIAAAAAALSPEALAAHIAAFAAAFAAAAAAWAALAAALGCPWAAAAFA,0.1,5.0,0.2714,0.3072,0.3072,/home/tripp/ProtFlow/examples/ligandmpnn_options/options_local/seqs/structure3_0005.fa
25,structure3,70350.0,structure3_0006,AEAAAAAAAAALAAAAAAAAAAVAAAAAPAAAAVRAAPAAAAAAAAFLAWLAKDPAAAARFAAAVAAAGADPAAAAAAAAAAAAAAAAAAAAAAAAAAAAAAAAAAAGAPAAAAAAAAAAAAAAAAAAGAAAAAATAAAAAAAAGAAAAGALLLAALAALSAAAAAAAAAAAAALFAAAAAAFAALAAALALPAAAAAFA,0.1,6.0,0.2714,0.307,0.307,/home/tripp/ProtFlow/examples/ligandmpnn_options/options_local/seqs/structure3_0006.fa
26,structure3,70350.0,structure3_0007,AEAAFAAAAAAAAAAAAAAAAAAAAALAPAAAAVAANPAAAATAAAFLAWLAADAAAAAAFAAAVAAAGAAAAAAAAAGAAAAAAAAAAAAAAAAAAAAAAAAAAAAGAPAAAAAAAAAAAAAAAAAAGAAAAAAAAAAAAAAAGAAAAGALLLAAAAAASAAAAAAAAAAARAAFAAAAAAWPALAAALGLPFAAAAFA,0.1,7.0,0.2714,0.3284,0.3284,/home/tripp/ProtFlow/examples/ligandmpnn_options/options_local/seqs/structure3_0007.fa
27,structure3,70350.0,structure3_0008,AEAAAAAAAAAAAAAAAAAAAAVAAALAPAAAAVAAAPAAAAAAAAAAAWLAAAPAAAAAFAAFVAAAGADAAAAAAAGAAAAAAAAAAAAAAAAAAAAAAAAAAAAGAPAAAAAAAAAAAAAAAAAAGAAALAATLAAAAAAAGAAAAGALVLAALAALSAAAAAAHLAAFRAAFAAAAAAFPALAAALALPFAAADFA,0.1,8.0,0.2864,0.3345,0.3345,/home/tripp/ProtFlow/examples/ligandmpnn_options/options_local/seqs/structure3_0008.fa
28,structure3,70350.0,structure3_0009,AEAAAAAALAALAAAAAAAAAAAAAALAPAIAAVRAAPAAAAAAAAFLAWLAAAPARAAAFAAAVAAAGAAAAAAAAAAAAAAAAAAAAAAAAAAAAAAAAAAAAAAGAPAAAVAAAAAAAAAAAAAAGAAAAAAAAAAAAAAAGAAAAGAAALAAAAALSAAAAAAHIAAARAAFAAAAAAFPALAAALALPFAAADFA,0.1,9.0,0.2864,0.3115,0.3115,/home/tripp/ProtFlow/examples/ligandmpnn_options/options_local/seqs/structure3_0009.fa
29,structure3,70350.0,structure3_0010,AEAAFAAAAAAAAADAAAAAAAVAAALAPAAAAVAAAPAALATALAFLAWLAADPAKAAAFALFVALLGAALAAAAAAAAAAAAAAAAAAAAAAAAAAAAAAAAAAAGAPAAAAAAAAAAAAAAAAAAGAAALLAALLAAAAAAGAAAAGALILAALAALSEAALIAHIAALRAAFAAVAAAAAALFAALACPWAAADFA,0.1,10.0,0.3065,0.3187,0.3187,/home/tripp/ProtFlow/examples/ligandmpnn_options/options_local/seqs/structure3_0010.fa
