,input_poses,poses,poses_description,mpnn_pose_options,options_local_mpnn_origin,options_local_seed,options_local_description,options_local_sequence,options_local_T,options_local_id,options_local_seq_rec,options_local_overall_confidence,options_local_ligand_confidence,options_local_location
0,data/input_pdbs/structure1.pdb,data/example_output/ligandmpnn_options/options_local/seqs/structure1_0001.fa,structure1_0001,--fixed_residues 'A1',structure1,55092.0,structure1_0001,MAAAFAAALAAAAAAAAAAAAAAAAAAAPAAAAVAAAPAAAAAAAAAAAWLAKDPAAAAAFAAWVAAAGAAAAAAAAAGAAAAAAAAAAAAAAAAAAAAAAAAAAAAGAAAAAAAAAAAAAAAAAAAAGAAALAAALAAAAAAAGAAAAGALVLAAAAALSAAAAAAAAAAARAAFAAVAADFAALAAALASPWAAAAFA,0.1,1.0,0.2864,0.3198,0.3198,data/example_output/ligandmpnn_options/options_local/seqs/structure1_0001.fa
1,data/input_pdbs/structure1.pdb,data/example_output/ligandmpnn_options/options_local/seqs/structure1_0002.fa,structure1_0002,--fixed_residues 'A1',structure1,55092.0,structure1_0002,MAAAFAAAAAAAAADLAAAAAAAAAALAPAAAAVAANPAAAAAAAAFAAWLAAAPAAAAAFAAFVAAAGAAAAAAAAAAAAAAAAAAAAAAAAAAAAAAAAAAAAALGAAAAAAAAAAAAAAAAAAAAGAAAAAAAAAAAAAAAGAAAAGALLLAAAAAAAAAAAAAAIAAARALAAAAAAAFAALAAALGLPWAAADFA,0.1,2.0,0.2814,0.309,0.309,data/example_output/ligandmpnn_options/options_local/seqs/structure1_0002.fa
2,data/input_pdbs/structure1.pdb,data/example_output/ligandmpnn_options/options_local/seqs/structure1_0003.fa,structure1_0003,--fixed_residues 'A1',structure1,55092.0,structure1_0003,MAAAFAAAAAAAAAAVAAAAAAVAAALAAHAAAVAANPAAAATAAAFLAWLAADPAAAAAFAAFVAALGAAPAAAAAAGAAAAAAAAAAAAAAAAAAAAAAAAAAAAGAAAAAVAAAAAAAAAAAAAAGAAAAAATLAAAAAAAGAAAAGALLLAAAAALSAAAAAAAIAALRAAFAAVAAAWPALAAALALPWAAAAFA,0.1,3.0,0.3015,0.3421,0.3421,data/example_output/ligandmpnn_options/options_local/seqs/structure1_0003.fa
3,data/input_pdbs/structure1.pdb,data/example_output/ligandmpnn_options/options_local/seqs/structure1_0004.fa,structure1_0004,--fixed_residues 'A1',structure1,55092.0,structure1_0004,MAAAAAAAAAAAAAAAAANAAAAAAAAAPYAAAVAAAPAAAATAAAAVAALAADPAKAAAFFAFVAAAGAAAAAAAAAAAAAAAAAAAAAAAAAAAAAAAAAAAAAAGAPAAAAAAAAAAAAAAAAAAGAAALAAALAAAAAAAGAAAAGAAVLAAIAALSAAAAAAALAAFRAAFAAAAAAWPALAAALGSPFAAAAAA,0.1,4.0,0.2915,0.3016,0.3016,data/example_output/ligandmpnn_options/options_local/seqs/structure1_0004.fa
4,data/input_pdbs/structure1.pdb,data/example_output/ligandmpnn_options/options_local/seqs/structure1_0005.fa,structure1_0005,--fixed_residues 'A1',structure1,55092.0,structure1_0005,MAAAAAAALAAAAAAAAAAAAAAAAAAAPYAAAVAANPAAAAAAAAFAAWLAAAPAAAAAFAAWVAAGGAAAAAAAAAAAAAAAAAAAAAAAAAAAAAAAAAAAAAAGAAAAAAAAAAAAAAAAAAAAGAAALAAAAAAAAAAAGAAAAGALALAAAAALSAAAAAAALAAFRAAFAAVAAAAPALFAALGSPFAAADFA,0.1,5.0,0.2965,0.3232,0.3232,data/example_output/ligandmpnn_options/options_local/seqs/structure1_0005.fa
5,data/input_pdbs/structure1.pdb,data/example_output/ligandmpnn_options/options_local/seqs/structure1_0006.fa,structure1_0006,--fixed_residues 'A1',structure1,55092.0,structure1_0006,MAAAFAAALAAAAADAAAAAAAAAAALAAAAAAVAADAAAAAAAAAFAAWLAADPAAAAAFAAAVAAFGAAPAAAAAAAAAAAAAAAAAAAAAAAAAAAAAAAAAAAGAAAAAAAAAAAAAAAAAAAAGAAALAAAAAAAAAAAGAAAAGALLLAAIAALSAAAAAAAIAAARALFAAVAAAFPALAAALGLPFAAAAFA,0.1,6.0,0.3065,0.3211,0.3211,data/example_output/ligandmpnn_options/options_local/seqs/structure1_0006.fa
6,data/input_pdbs/structure1.pdb,data/example_output/ligandmpnn_options/options_local/seqs/structure1_0007.fa,structure1_0007,--fixed_residues 'A1',structure1,55092.0,structure1_0007,MAAAAAAAAAAAAADLAAAAAAAAAALAAHIAAVRAAPAAAATAAAFVAWLAADPAAAAAFAAFVAAAGAAAAAAAAAGAAAAAAAAAAAAAAAAAAAAAAAAAAAAGAAAAAVAAAAAAAAAAAAAAGAAAAAATLAAAAAAAGAAAAGALILAAIAALSAAAREAHIAALRALFAAAAAAFPALAAALGLPFAAADFA,0.1,7.0,0.3166,0.3335,0.3335,data/example_output/ligandmpnn_options/options_local/seqs/structure1_0007.fa
7,data/input_pdbs/structure1.pdb,data/example_output/ligandmpnn_options/options_local/seqs/structure1_0008.fa,structure1_0008,--fixed_residues 'A1',structure1,55092.0,structure1_0008,MAAAAAAAAAALAAAIAAAAAAAAAAIAPYAAAVRANPAAAATAAAAAAALAAAPAAAAAFAAFVAAGGAAPAAAAAAAAAAAAAAAAAAAAAAAAAAAAAAAAAAAGAPAAAAAAAAAAAAAAAAAAGAAALAAAAAAAAAAAGAAAAGALILAAAAALAAAAAAAHIAAFAAAFAAVAAAAAALAAALGAPFAAADFA,0.1,8.0,0.3015,0.3118,0.3118,data/example_output/ligandmpnn_options/options_local/seqs/structure1_0008.fa
8,data/input_pdbs/structure1.pdb,data/example_output/ligandmpnn_options/options_local/seqs/structure1_0009.fa,structure1_0009,--fixed_residues 'A1',structure1,55092.0,structure1_0009,MAAAFAAALAAAAADAAAAAAAVAAALAPYAAAVAAAPAALATFRAFLAALAADPAKAAAFAAFVAAAGAAAAAAAAAAAAAAAAAAAAAAAAAAAAAAAAAAAAAAGAAAAAAAAAAAAAAAAAAAAGAAALAATAAAAAAAAGAAAAGALILAAIAALSDAALIAHIAALRAAFAAVAAAFAALAAALGLPWAAAAFA,0.1,9.0,0.3467,0.3332,0.3332,data/example_output/ligandmpnn_options/options_local/seqs/structure1_0009.fa
9,data/input_pdbs/structure1.pdb,data/example_output/ligandmpnn_options/options_local/seqs/structure1_0010.fa,structure1_0010,--fixed_residues 'A1',structure1,55092.0,structure1_0010,MAAAAAAALAALAAAAAAAAAAAAAALAPAAAAVAANPAAAAAAAAAAAWLAAAPAAAAAFAAFVAAFGAAPAAAAAAAAAAAAAAAAAAAAAAAAAAAAAARAAAAGAPAAAAAAAAAAAAAAAAAAGAAAAAATLAAAAAAAGAAAAGALLLAAAAALAAAAAAAAAAAFRAAFAAVAAAWPALAAALGAPFAAADFA,0.1,10.0,0.3065,0.3208,0.3208,data/example_output/ligandmpnn_options/options_local/seqs/structure1_0010.fa
10,data/input_pdbs/structure3.pdb,data/example_output/ligandmpnn_options/options_local/seqs/structure3_0001.fa,structure3_0001,--fixed_residues 'A2',structure3,70350.0,structure3_0001,AEAAFAAALAAAAADLAAAAAAAAAALAPAAAAVAANPAAAATAAAFAAWLAADPAAAALFAAFVAAGGAAAAAAAAAAAAAAAAAAAAAAAAAAAAAAAAARAAAAGAPAAAAAAAAAAAAAAAAAAGAAALAATLAAAAAAAGAAAAGALVLAAIAALSAAALAAAAAAAAAAFAAAAAAFAALAAALGLPFAAADFA,0.1,1.0,0.3065,0.3298,0.3298,data/example_output/ligandmpnn_options/options_local/seqs/structure3_0001.fa
11,data/input_pdbs/structure3.pdb,data/example_output/ligandmpnn_options/options_local/seqs/structure3_0002.fa,structure3_0002,--fixed_residues 'A2',structure3,70350.0,structure3_0002,AEAAAAAAAAAAAAALAAAAAAAAAALAPAAAAAAANPAAAAAAAAFAAWLAADPAAAAAFAAFAAAAGAAAAAAAAAAGAAAAAAAAAAAAAAAAAAAAAAAAAAAGAAAAAAAAAAAAAAAAAAAAGAAALAAAAAAAAAAAGAAAAGALLAAALAALSAAAAIAAAAAARAAAAAAAAAWPALAAALGSPFAAAAFA,0.1,2.0,0.2563,0.3157,0.3157,data/example_output/ligandmpnn_options/options_local/seqs/structure3_0002.fa
12,data/input_pdbs/structure3.pdb,data/example_output/ligandmpnn_options/options_local/seqs/structure3_0003.fa,structure3_0003,--fixed_residues 'A2',structure3,70350.0,structure3_0003,AEAAFAAAAAALAAALAAAAAAAAAAAAPAAAAAAANPAAAATAAAALAALAADPAAAAAAAAAAAALGAAAAAAAAAGAAAAAAAAAAAAAAAAAAAAAAAAAAAAGAAAAAAAAAAAAAAAAAAAAGAAAFAAAAAAAAAAAGAAAAGALLLAAAAALSAAAAAAALAAAAAAFAAAAAAWPALAAALASPFAAAAFA,0.1,3.0,0.2563,0.3353,0.3353,data/example_output/ligandmpnn_options/options_local/seqs/structure3_0003.fa
13,data/input_pdbs/structure3.pdb,data/example_output/ligandmpnn_options/options_local/seqs/structure3_0004.fa,structure3_0004,--fixed_residues 'A2',structure3,70350.0,structure3_0004,AEAAFAAAAAALAAAAAAAAAAVAAAAAPYAAAARAAPAAAATAAAFLAALAADPAKAAAFALFVAAAGAAAAAAAAAGAAAAAAAAAAAAAAAAAAAAAAAAAAAAGAAAAAAAAAAAAAAAAAAAAGAAALLAAAAAAAAAAGAAAAGALLLAAAAALSAAAAAAAAAAFAAAFAAVAAAFAALAAALGLPFAAADFA,0.1,4.0,0.2965,0.3198,0.3198,data/example_output/ligandmpnn_options/options_local/seqs/structure3_0004.fa
14,data/input_pdbs/structure3.pdb,data/example_output/ligandmpnn_options/options_local/seqs/structure3_0005.fa,structure3_0005,--fixed_residues 'A2',structure3,70350.0,structure3_0005,AEAAAAAALAAAAADLAANAAAAAAAAAPYAAKVKADPAIAAAAAAHFAALAADAAALAAFAAAVAAAGAAPAAAAAAAAAAAAAAAAAAAAAAAAAAAAAAAAAAAGAAAAAAAAAAAAAAAAAAAAGAAALAAAAAAAAAAAGAAAAGALIAAAAAALSPEALAAHIAAFAAAFAAAAAAWAALAAALGCPWAAAAFA,0.1,5.0,0.2714,0.3072,0.3072,data/example_output/ligandmpnn_options/options_local/seqs/structure3_0005.fa
15,data/input_pdbs/structure3.pdb,data/example_output/ligandmpnn_options/options_local/seqs/structure3_0006.fa,structure3_0006,--fixed_residues 'A2',structure3,70350.0,structure3_0006,AEAAAAAAAAALAAAAAAAAAAVAAAAAPAAAAVRAAPAAAAAAAAFLAWLAKDPAAAARFAAAVAAAGADPAAAAAAAAAAAAAAAAAAAAAAAAAAAAAAAAAAAGAPAAAAAAAAAAAAAAAAAAGAAAAAATAAAAAAAAGAAAAGALLLAALAALSAAAAAAAAAAAAALFAAAAAAFAALAAALALPAAAAAFA,0.1,6.0,0.2714,0.307,0.307,data/example_output/ligandmpnn_options/options_local/seqs/structure3_0006.fa
16,data/input_pdbs/structure3.pdb,data/example_output/ligandmpnn_options/options_local/seqs/structure3_0007.fa,structure3_0007,--fixed_residues 'A2',structure3,70350.0,structure3_0007,AEAAFAAAAAAAAAAAAAAAAAAAAALAPAAAAVAANPAAAATAAAFLAWLAADAAAAAAFAAAVAAAGAAAAAAAAAGAAAAAAAAAAAAAAAAAAAAAAAAAAAAGAPAAAAAAAAAAAAAAAAAAGAAAAAAAAAAAAAAAGAAAAGALLLAAAAAASAAAAAAAAAAARAAFAAAAAAWPALAAALGLPFAAAAFA,0.1,7.0,0.2714,0.3284,0.3284,data/example_output/ligandmpnn_options/options_local/seqs/structure3_0007.fa
17,data/input_pdbs/structure3.pdb,data/example_output/ligandmpnn_options/options_local/seqs/structure3_0008.fa,structure3_0008,--fixed_residues 'A2',structure3,70350.0,structure3_0008,AEAAAAAAAAAAAAAAAAAAAAVAAALAPAAAAVAAAPAAAAAAAAAAAWLAAAPAAAAAFAAFVAAAGADAAAAAAAGAAAAAAAAAAAAAAAAAAAAAAAAAAAAGAPAAAAAAAAAAAAAAAAAAGAAALAATLAAAAAAAGAAAAGALVLAALAALSAAAAAAHLAAFRAAFAAAAAAFPALAAALALPFAAADFA,0.1,8.0,0.2864,0.3345,0.3345,data/example_output/ligandmpnn_options/options_local/seqs/structure3_0008.fa
18,data/input_pdbs/structure3.pdb,data/example_output/ligandmpnn_options/options_local/seqs/structure3_0009.fa,structure3_0009,--fixed_residues 'A2',structure3,70350.0,structure3_0009,AEAAAAAALAALAAAAAAAAAAAAAALAPAIAAVRAAPAAAAAAAAFLAWLAAAPARAAAFAAAVAAAGAAAAAAAAAAAAAAAAAAAAAAAAAAAAAAAAAAAAAAGAPAAAVAAAAAAAAAAAAAAGAAAAAAAAAAAAAAAGAAAAGAAALAAAAALSAAAAAAHIAAARAAFAAAAAAFPALAAALALPFAAADFA,0.1,9.0,0.2864,0.3115,0.3115,data/example_output/ligandmpnn_options/options_local/seqs/structure3_0009.fa
19,data/input_pdbs/structure3.pdb,data/example_output/ligandmpnn_options/options_local/seqs/structure3_0010.fa,structure3_0010,--fixed_residues 'A2',structure3,70350.0,structure3_0010,AEAAFAAAAAAAAADAAAAAAAVAAALAPAAAAVAAAPAALATALAFLAWLAADPAKAAAFALFVALLGAALAAAAAAAAAAAAAAAAAAAAAAAAAAAAAAAAAAAGAPAAAAAAAAAAAAAAAAAAGAAALLAALLAAAAAAGAAAAGALILAALAALSEAALIAHIAALRAAFAAVAAAAAALFAALACPWAAADFA,0.1,10.0,0.3065,0.3187,0.3187,data/example_output/ligandmpnn_options/options_local/seqs/structure3_0010.fa
20,data/input_pdbs/structure2.pdb,data/example_output/ligandmpnn_options/options_local/seqs/structure2_0001.fa,structure2_0001,--fixed_residues 'A3',structure2,60205.0,structure2_0001,AAKAAAAAAAALAADAAAAAAAAAAAAAAAAAAVRAAPAAAAAAAAFAAWLAADPAAAAAFAAWVAAFGAAPAAAAAAAAAAAAAAAAAAAAAAAAAAAAAAAAAAAGAPAAAAAAAAAAAAAAAAAAGAAAAAAAAAAAAAAAGAAAAGAAALAAAAAASAAAAAAALAAARAAFAAVAAAAAALFAALGCPFAAAAFA,0.1,1.0,0.2613,0.3102,0.3102,data/example_output/ligandmpnn_options/options_local/seqs/structure2_0001.fa
21,data/input_pdbs/structure2.pdb,data/example_output/ligandmpnn_options/options_local/seqs/structure2_0002.fa,structure2_0002,--fixed_residues 'A3',structure2,60205.0,structure2_0002,AAKAFAAAAAALAAAIAANAAAAAAAIAPAAAAVAAAPAALATFKAFLAWLAADPAKAARFALFVAAAGAAAAAAAAAAGAAAAAAAAAAAAAAAAAAAAAAAAAAAGAAAAAAAAAAAAAAAAAAAAGAAAAAATLAAAAAAAGAAAAGALILAHLAALSEAELIAHVAAFRAAFAAVAAAFAALAAALALPWAAAAFA,0.1,2.0,0.3317,0.3222,0.3222,data/example_output/ligandmpnn_options/options_local/seqs/structure2_0002.fa
22,data/input_pdbs/structure2.pdb,data/example_output/ligandmpnn_options/options_local/seqs/structure2_0003.fa,structure2_0003,--fixed_residues 'A3',structure2,60205.0,structure2_0003,AAKAFAAALAAAAAAAAAAAAAAAAALAPHAAAVAAAPAAAAAAAAFAAALAAAPAAAAAFAAFVAAGGAAPAAAAAAAAAAAAAAAAAAAAAAAAAAAAAAAAAAAGAPAAAVAAAAAAAAAAAAAAGAAALAAALAAAAAAAGAAAAGALAAAAAAALSAAEAAAHLAAFRAAFAAAAAAWPALAAALGSPFAAAAFA,0.1,3.0,0.2864,0.3168,0.3168,data/example_output/ligandmpnn_options/options_local/seqs/structure2_0003.fa
23,data/input_pdbs/structure2.pdb,data/example_output/ligandmpnn_options/options_local/seqs/structure2_0004.fa,structure2_0004,--fixed_residues 'A3',structure2,60205.0,structure2_0004,AAKAFAAALAAAAADAAAAAAAVAAALAPAAAAVAAAPAAAATAAAFAAALAAAPAKAAAFAAFVAAAGAAAAAAAAAAAAAAAAAAAAAAAAAAAAAAAAAAAAAAGAAAAAAAAAAAAAAAAAAAAGAAALAAAAAAAAAAAGAAAAGALILAAIAALSAAAAIAHAAAARAAFAAVAADWAALAAALGLPFAAADFA,0.1,4.0,0.3015,0.3204,0.3204,data/example_output/ligandmpnn_options/options_local/seqs/structure2_0004.fa
24,data/input_pdbs/structure2.pdb,data/example_output/ligandmpnn_options/options_local/seqs/structure2_0005.fa,structure2_0005,--fixed_residues 'A3',structure2,60205.0,structure2_0005,AAKAFAAAAAAAAADAAANAAAAAAALAPAAAAVAAAPAALATFAAFLAWLAADPAAAAAFAAAVAALGAAAAAAAAAGAAAAAAAAAAAAAAAAAAAAAAAALAAAGAPAAAAAAAAAAAAAAAAAAGAAALAAALAAAAAAAGAAAAGALLLAAAAALSAAELVAAIAAARAAFAAVAAAFPALAAALGLPFAAADFA,0.1,5.0,0.3317,0.3294,0.3294,data/example_output/ligandmpnn_options/options_local/seqs/structure2_0005.fa
25,data/input_pdbs/structure2.pdb,data/example_output/ligandmpnn_options/options_local/seqs/structure2_0006.fa,structure2_0006,--fixed_residues 'A3',structure2,60205.0,structure2_0006,AAKAAAAAAAAAAAALAAAAAAVAAALAPHIAAVRANPAALATAKAAAAWLAADPAKAAAAAAWVAAAGAAAAAAAAAAAAAAAAAAAAAAAAAAAAAAAAAAAAAAGAAAAAAAAAAAAAAAAAAAAGAAAAAAAAAAAAAAAGAAAAGALILAAAAALSAAAAIAHIAAARAAFAAVAAAAPALFAALGAPFAAAAFA,0.1,6.0,0.2814,0.3038,0.3038,data/example_output/ligandmpnn_options/options_local/seqs/structure2_0006.fa
26,data/input_pdbs/structure2.pdb,data/example_output/ligandmpnn_options/options_local/seqs/structure2_0007.fa,structure2_0007,--fixed_residues 'A3',structure2,60205.0,structure2_0007,AAKAFAAAAAALAAAAAAAAAAAAAALAPAAAAVAADAAAAAAAAAALAWLAADPAAAARFAAFVAAAGADPAAAAAAAAAAAAAAAAAAAAAAAAAAAAAAAAAAAGAAAAAAAAAAAAAAAAAAAAGAAAAAATLAAAAAAAGAAAAGALLLAAAAAAAAAAAAAHIAALRALFAAAAAAAPALAAALASPFAAAAWA,0.1,7.0,0.2714,0.3105,0.3105,data/example_output/ligandmpnn_options/options_local/seqs/structure2_0007.fa
27,data/input_pdbs/structure2.pdb,data/example_output/ligandmpnn_options/options_local/seqs/structure2_0008.fa,structure2_0008,--fixed_residues 'A3',structure2,60205.0,structure2_0008,AAKAFAAALAAAAAAAAAAAAAAAAAAAPYAAAVRAAPAAAATAAAFAAWLAADPARAAAFAAWVAAAGAAAAAAAAAGAAAAAAAAAAAAAAAAAAAAAAAAAAAAGAPAAAIAAAAAAAAAAAAAAGAAALAATLAAAAAAAGAAAAGALVLAAAAALSAAEAIAAIAAFRALFAAVAAAAAALFAALGSPFAAADFA,0.1,8.0,0.3166,0.3157,0.3157,data/example_output/ligandmpnn_options/options_local/seqs/structure2_0008.fa
28,data/input_pdbs/structure2.pdb,data/example_output/ligandmpnn_options/options_local/seqs/structure2_0009.fa,structure2_0009,--fixed_residues 'A3',structure2,60205.0,structure2_0009,AAKAFAAALAAHAADAAAAAAAAAAALAPAIAAVRANPAAAATFAAFLAALAADPAKAAAFAAFVAAAGAAAAAAAAAGAAAAAAAAAAAAAAAAAAAAAAAAAAAAGAAAAAAAAAAAAAAAAAAAAGAAALAATAAAAAAAAGAAAAGALILAALAALSAAELAAHIAALRAAFAAAAAAWAALAAALGSPWAAADFA,0.1,9.0,0.3116,0.3294,0.3294,data/example_output/ligandmpnn_options/options_local/seqs/structure2_0009.fa
29,data/input_pdbs/structure2.pdb,data/example_output/ligandmpnn_options/options_local/seqs/structure2_0010.fa,structure2_0010,--fixed_residues 'A3',structure2,60205.0,structure2_0010,AAKAFAAAAAALAAAAAAAAAAAAAALAPYAAAVRANPALAAAAAAFLAALAADPAAAAAFAAFVAAGGAAAAAAAAAAAAAAAAAAAAAAAAAAAAAAAAAAAAAAGAPAAAIAAAAAAAAAAAAAAGAAAAAAAAAAAAAAAGAAAAGALLLAALAAASAAALAAALAALRAAFAAAAAAFPALAAALGLPFAAADFA,0.1,10.0,0.3216,0.3357,0.3357,data/example_output/ligandmpnn_options/options_local/seqs/structure2_0010.fa
